alpha,n_comparisons,n_fragile,pct_fragile
0.01,144,33,22.916666666666668
0.025,144,27,18.75
0.05,144,22,15.277777777777779
